textbox14,textbox79,textbox83,textbox81,textbox48
"Quarter 4 (10/01/2012-12/31/2012), Quarter 3 (07/01/2012-09/30/2012), Quarter 2 (04/01/2012-06/30/2012), Quarter 1 (01/01/2012-03/31/2012)",All,All,All,2/16/2026 3:19:07 PM

textbox7,POLICY_TYPE_NM,PIF_TOT,CAN_TOT,NONR_TOT,CHURR_TOT,NRHURR_TOT,NEW_TOT,textbox1,textbox3,PREM_TOT,textbox4,textbox5,textbox6,PEXW_TOT,textbox9,textbox10,CLAIMS_OPENED_TOT,CLAIMS_CLOSED_TOT,CLAIMS_PENDING_TOT,CLAIMS_ADR_TOT,CLAIMS_MED_TOT,CLAIMS_ARB_TOT,CLAIMS_APP_TOT,CLAIMS_SINK_TOT,CLAIMS_SETTL_TOT,CLAIMS_OTH_TOT,SumLawsuitsClosedTot,SumLawsuitsClosedCon,SumLawsuitsOpenBegin,SumLawsuitsOpenEnd,SumLawsuitsOpenTot,textbox63,textbox64,textbox65,textbox66,textbox67,textbox68,textbox69,textbox70,textbox71,textbox72,textbox73,textbox74,textbox75,textbox76,textbox77,CLAIMS_OPENED_TOT1,CLAIMS_CLOSED_TOT1,CLAIMS_PENDING_TOT1,CLAIMS_ADR_TOT1,CLAIMS_MED_TOT1,CLAIMS_ARB_TOT1,CLAIMS_APP_TOT1,CLAIMS_SINK_TOT1,CLAIMS_SETTL_TOT1,CLAIMS_OTH_TOT1,Textbox104,Textbox158,Textbox151,Textbox140,Textbox122
Period Ending  3/31/2012,Commercial Residential - (Apartment Buildings) - WIND ONLY,"4,690",109,96,0,0,61,0,"3,915,106,337","24,852,612","4,690",0,"24,852,612",0,0,0,,,,,,,,,,,,,,,,"6,094,080","237,996","117,948",14,"7,209","333,174","365,481","2,068,118,627,706","10,438,299,692","5,728,599","198,627,028,174","9,957,487,130","480,812,562","68,635","66,867",,,,,,,,,,,,,,,
Period Ending  3/31/2012,Commercial Residential - (Condo Associations Only) - WIND ONLY,"6,771",64,197,0,0,242,0,"46,935,222,289","188,130,518","6,771",0,"188,130,518",0,0,0,,,,,,,,,,,,,,,,"6,094,080","237,996","117,948",14,"7,209","333,174","365,481","2,068,118,627,706","10,438,299,692","5,728,599","198,627,028,174","9,957,487,130","480,812,562","68,635","66,867",,,,,,,,,,,,,,,
Period Ending  3/31/2012,Commercial Residential - (Homeowners Association) - WIND ONLY,392,4,11,0,0,20,0,"1,495,562,058","5,986,920",392,0,"5,986,920",0,0,0,,,,,,,,,,,,,,,,"6,094,080","237,996","117,948",14,"7,209","333,174","365,481","2,068,118,627,706","10,438,299,692","5,728,599","198,627,028,174","9,957,487,130","480,812,562","68,635","66,867",,,,,,,,,,,,,,,
Period Ending  3/31/2012,Commercial Residential - Allied Lines (Condo Associations Only),70,2,33,0,0,21,17,"81,096,456","503,492",53,"49,954,576","357,953","145,539",0,0,,,,,,,,,,,,,,,,"6,094,080","237,996","117,948",14,"7,209","333,174","365,481","2,068,118,627,706","10,438,299,692","5,728,599","198,627,028,174","9,957,487,130","480,812,562","68,635","66,867",,,,,,,,,,,,,,,
Period Ending  3/31/2012,Commercial Residential - Allied Lines (Excl Condo Associations),"1,057",14,59,0,0,68,41,"2,976,904,767","11,654,573","1,016","220,315,803","10,940,674","713,899",0,0,,,,,,,,,,,,,,,,"6,094,080","237,996","117,948",14,"7,209","333,174","365,481","2,068,118,627,706","10,438,299,692","5,728,599","198,627,028,174","9,957,487,130","480,812,562","68,635","66,867",,,,,,,,,,,,,,,
Period Ending  3/31/2012,Commercial Residential - CMP (Condo Associations Only),"8,139",257,"1,015",0,0,"1,275","2,108","75,504,909,020","397,948,493","6,031","13,336,398,754","382,197,832","15,750,661",0,3,,,,,,,,,,,,,,,,"6,094,080","237,996","117,948",14,"7,209","333,174","365,481","2,068,118,627,706","10,438,299,692","5,728,599","198,627,028,174","9,957,487,130","480,812,562","68,635","66,867",,,,,,,,,,,,,,,
Period Ending  3/31/2012,Commercial Residential - CMP (Excl Condo Associations),"45,365","1,698",818,0,436,435,"6,261","15,567,965,877","79,469,415","39,104","1,354,068,935","65,972,745","13,496,670",14,15,,,,,,,,,,,,,,,,"6,094,080","237,996","117,948",14,"7,209","333,174","365,481","2,068,118,627,706","10,438,299,692","5,728,599","198,627,028,174","9,957,487,130","480,812,562","68,635","66,867",,,,,,,,,,,,,,,
Period Ending  3/31/2012,Commercial Residential - Dwelling/Fire (Condo Associations Only),"5,531",60,251,0,0,229,195,"48,112,847,494","248,336,173","5,336","722,785,900","247,029,372","1,306,801",0,0,,,,,,,,,,,,,,,,"6,094,080","237,996","117,948",14,"7,209","333,174","365,481","2,068,118,627,706","10,438,299,692","5,728,599","198,627,028,174","9,957,487,130","480,812,562","68,635","66,867",,,,,,,,,,,,,,,
Period Ending  3/31/2012,Commercial Residential - Dwelling/Fire (Excl Condo Associations),"3,380",69,135,0,0,159,179,"11,456,201,387","57,287,776","3,201","561,318,408","56,482,922","804,854",1,1,,,,,,,,,,,,,,,,"6,094,080","237,996","117,948",14,"7,209","333,174","365,481","2,068,118,627,706","10,438,299,692","5,728,599","198,627,028,174","9,957,487,130","480,812,562","68,635","66,867",,,,,,,,,,,,,,,
Period Ending  3/31/2012,Personal Residential - Allied Lines,"51,717","3,492",317,0,0,"3,304","1,660","8,136,516,870","56,436,730","50,057","2,472,751,552","49,388,659","7,048,071",0,0,,,,,,,,,,,,,,,,"6,094,080","237,996","117,948",14,"7,209","333,174","365,481","2,068,118,627,706","10,438,299,692","5,728,599","198,627,028,174","9,957,487,130","480,812,562","68,635","66,867",,,,,,,,,,,,,,,
Period Ending  3/31/2012,Personal Residential - Allied Lines - WIND ONLY DWELLINGS,"26,738",404,685,0,0,799,0,"9,209,504,818","41,643,347","26,738",0,"41,643,347",0,0,0,,,,,,,,,,,,,,,,"6,094,080","237,996","117,948",14,"7,209","333,174","365,481","2,068,118,627,706","10,438,299,692","5,728,599","198,627,028,174","9,957,487,130","480,812,562","68,635","66,867",,,,,,,,,,,,,,,
Period Ending  3/31/2012,Personal Residential - Condominium Unit Owners,"778,474","34,608","10,824",0,234,"38,279","86,051","71,876,298,668","630,892,044","692,423","16,107,450,670","567,691,407","63,200,636","11,611","11,611",,,,,,,,,,,,,,,,"6,094,080","237,996","117,948",14,"7,209","333,174","365,481","2,068,118,627,706","10,438,299,692","5,728,599","198,627,028,174","9,957,487,130","480,812,562","68,635","66,867",,,,,,,,,,,,,,,
Period Ending  3/31/2012,Personal Residential - Condominium Unit Owners - WIND ONLY,"56,078",514,"1,755",0,0,"1,654",0,"9,846,447,500","49,958,640","56,078",0,"49,958,640",0,49,397,,,,,,,,,,,,,,,,"6,094,080","237,996","117,948",14,"7,209","333,174","365,481","2,068,118,627,706","10,438,299,692","5,728,599","198,627,028,174","9,957,487,130","480,812,562","68,635","66,867",,,,,,,,,,,,,,,
Period Ending  3/31/2012,Personal Residential - Dwelling/Fire,"707,219","21,078","19,514",0,"1,409","48,189","50,584","140,106,150,701","801,376,355","656,635","14,325,829,723","756,444,367","44,931,988","11,958","10,946",,,,,,,,,,,,,,,,"6,094,080","237,996","117,948",14,"7,209","333,174","365,481","2,068,118,627,706","10,438,299,692","5,728,599","198,627,028,174","9,957,487,130","480,812,562","68,635","66,867",,,,,,,,,,,,,,,
Period Ending  3/31/2012,Personal Residential - Dwelling/Fire - Mobile Homeowners,"93,270","2,354","6,286",0,0,"4,677","2,793","4,456,042,440","62,923,004","90,477","108,731,706","62,238,879","684,125",0,0,,,,,,,,,,,,,,,,"6,094,080","237,996","117,948",14,"7,209","333,174","365,481","2,068,118,627,706","10,438,299,692","5,728,599","198,627,028,174","9,957,487,130","480,812,562","68,635","66,867",,,,,,,,,,,,,,,
Period Ending  3/31/2012,Personal Residential - Dwelling/Fire - Mobile Homeowners - WIND ONLY,653,4,14,0,0,9,0,"28,435,910","531,490",653,0,"531,490",0,0,0,,,,,,,,,,,,,,,,"6,094,080","237,996","117,948",14,"7,209","333,174","365,481","2,068,118,627,706","10,438,299,692","5,728,599","198,627,028,174","9,957,487,130","480,812,562","68,635","66,867",,,,,,,,,,,,,,,
Period Ending  3/31/2012,Personal Residential - Farmowners,"2,951",51,220,0,0,66,2,"1,511,373,838","9,898,470","2,949","576,327","9,895,284","3,186",2,2,,,,,,,,,,,,,,,,"6,094,080","237,996","117,948",14,"7,209","333,174","365,481","2,068,118,627,706","10,438,299,692","5,728,599","198,627,028,174","9,957,487,130","480,812,562","68,635","66,867",,,,,,,,,,,,,,,
Period Ending  3/31/2012,Personal Residential - Homeowners (Excl Tenant and Condo) - Owner Occupied,"3,479,086","119,346","62,048",1,"5,036","166,327","198,340","1,481,289,927,471","6,945,425,493","3,280,746","148,103,351,883","6,619,349,175","326,076,318","40,454","38,727",,,,,,,,,,,,,,,,"6,094,080","237,996","117,948",14,"7,209","333,174","365,481","2,068,118,627,706","10,438,299,692","5,728,599","198,627,028,174","9,957,487,130","480,812,562","68,635","66,867",,,,,,,,,,,,,,,
Period Ending  3/31/2012,Personal Residential - Homeowners (Excl Tenant and Condo) - Owner Occupied - WIND ONLY,"167,407","1,916","4,142",0,0,"3,465",0,"99,403,244,817","416,357,161","167,407",0,"416,357,161",0,146,915,,,,,,,,,,,,,,,,"6,094,080","237,996","117,948",14,"7,209","333,174","365,481","2,068,118,627,706","10,438,299,692","5,728,599","198,627,028,174","9,957,487,130","480,812,562","68,635","66,867",,,,,,,,,,,,,,,
Period Ending  3/31/2012,Personal Residential - Mobile Homeowners,"290,824","9,718","7,444",13,53,"12,003","10,218","25,291,908,883","315,528,375","280,606","759,330,676","311,317,923","4,210,453",35,35,,,,,,,,,,,,,,,,"6,094,080","237,996","117,948",14,"7,209","333,174","365,481","2,068,118,627,706","10,438,299,692","5,728,599","198,627,028,174","9,957,487,130","480,812,562","68,635","66,867",,,,,,,,,,,,,,,
Period Ending  3/31/2012,Personal Residential - Mobile Homeowners - WIND ONLY,"6,506",43,275,0,0,150,0,"403,001,900","6,053,528","6,506",0,"6,053,528",0,0,0,,,,,,,,,,,,,,,,"6,094,080","237,996","117,948",14,"7,209","333,174","365,481","2,068,118,627,706","10,438,299,692","5,728,599","198,627,028,174","9,957,487,130","480,812,562","68,635","66,867",,,,,,,,,,,,,,,
Period Ending  3/31/2012,Personal Residential - Tenants,"355,788","42,127","1,654",0,41,"51,651","7,032","10,355,869,854","85,809,162","348,756","504,163,261","83,369,801","2,439,361","4,349","4,126",,,,,,,,,,,,,,,,"6,094,080","237,996","117,948",14,"7,209","333,174","365,481","2,068,118,627,706","10,438,299,692","5,728,599","198,627,028,174","9,957,487,130","480,812,562","68,635","66,867",,,,,,,,,,,,,,,
Period Ending  3/31/2012,Personal Residential - Tenants - WIND ONLY,"1,974",64,155,0,0,91,0,"158,088,350","1,295,920","1,974",0,"1,295,920",0,16,89,,,,,,,,,,,,,,,,"6,094,080","237,996","117,948",14,"7,209","333,174","365,481","2,068,118,627,706","10,438,299,692","5,728,599","198,627,028,174","9,957,487,130","480,812,562","68,635","66,867",,,,,,,,,,,,,,,
Period Ending  6/30/2012,Commercial Residential - (Apartment Buildings) - WIND ONLY,"4,542",90,168,0,0,110,0,"3,899,159,684","25,551,427","4,542",0,"25,551,427",0,0,0,,,,,,,,,,,,,,,,"6,079,419","262,080","142,404",761,"16,138","383,953","366,286","2,049,082,345,799","10,592,764,051","5,713,133","199,580,488,208","10,111,474,149","481,289,901","28,290","34,032",,,,,,,,,,,,,,,
Period Ending  6/30/2012,Commercial Residential - (Condo Associations Only) - WIND ONLY,"6,718",56,230,0,0,233,0,"46,735,826,482","193,089,645","6,718",0,"193,089,645",0,0,0,,,,,,,,,,,,,,,,"6,079,419","262,080","142,404",761,"16,138","383,953","366,286","2,049,082,345,799","10,592,764,051","5,713,133","199,580,488,208","10,111,474,149","481,289,901","28,290","34,032",,,,,,,,,,,,,,,
Period Ending  6/30/2012,Commercial Residential - (Homeowners Association) - WIND ONLY,380,4,23,0,0,15,0,"1,385,379,562","5,803,002",380,0,"5,803,002",0,0,0,,,,,,,,,,,,,,,,"6,079,419","262,080","142,404",761,"16,138","383,953","366,286","2,049,082,345,799","10,592,764,051","5,713,133","199,580,488,208","10,111,474,149","481,289,901","28,290","34,032",,,,,,,,,,,,,,,
Period Ending  6/30/2012,Commercial Residential - Allied Lines (Condo Associations Only),64,0,24,0,0,18,16,"66,067,987","480,125",48,"41,754,522","358,877","121,248",1,1,,,,,,,,,,,,,,,,"6,079,419","262,080","142,404",761,"16,138","383,953","366,286","2,049,082,345,799","10,592,764,051","5,713,133","199,580,488,208","10,111,474,149","481,289,901","28,290","34,032",,,,,,,,,,,,,,,
Period Ending  6/30/2012,Commercial Residential - Allied Lines (Excl Condo Associations),"1,043",13,76,0,0,75,37,"2,906,033,267","11,178,682","1,006","209,937,670","10,514,207","664,475",0,0,,,,,,,,,,,,,,,,"6,079,419","262,080","142,404",761,"16,138","383,953","366,286","2,049,082,345,799","10,592,764,051","5,713,133","199,580,488,208","10,111,474,149","481,289,901","28,290","34,032",,,,,,,,,,,,,,,
Period Ending  6/30/2012,Commercial Residential - CMP (Condo Associations Only),"8,029",523,"1,022",0,0,"1,436","1,830","75,999,261,627","413,386,252","6,199","13,085,242,531","398,889,558","14,496,694",1,0,,,,,,,,,,,,,,,,"6,079,419","262,080","142,404",761,"16,138","383,953","366,286","2,049,082,345,799","10,592,764,051","5,713,133","199,580,488,208","10,111,474,149","481,289,901","28,290","34,032",,,,,,,,,,,,,,,
Period Ending  6/30/2012,Commercial Residential - CMP (Excl Condo Associations),"43,086","1,649","1,090",0,497,460,"5,841","15,229,705,557","75,458,666","37,245","3,614,730,155","66,519,643","8,939,024",22,17,,,,,,,,,,,,,,,,"6,079,419","262,080","142,404",761,"16,138","383,953","366,286","2,049,082,345,799","10,592,764,051","5,713,133","199,580,488,208","10,111,474,149","481,289,901","28,290","34,032",,,,,,,,,,,,,,,
Period Ending  6/30/2012,Commercial Residential - Dwelling/Fire (Condo Associations Only),"5,356",76,344,0,0,243,191,"46,823,635,906","244,964,751","5,165","703,935,800","243,598,226","1,366,525",0,0,,,,,,,,,,,,,,,,"6,079,419","262,080","142,404",761,"16,138","383,953","366,286","2,049,082,345,799","10,592,764,051","5,713,133","199,580,488,208","10,111,474,149","481,289,901","28,290","34,032",,,,,,,,,,,,,,,
Period Ending  6/30/2012,Commercial Residential - Dwelling/Fire (Excl Condo Associations),"3,346",73,143,0,0,186,179,"10,465,294,517","55,291,017","3,167","420,985,171","54,640,989","650,028",1,0,,,,,,,,,,,,,,,,"6,079,419","262,080","142,404",761,"16,138","383,953","366,286","2,049,082,345,799","10,592,764,051","5,713,133","199,580,488,208","10,111,474,149","481,289,901","28,290","34,032",,,,,,,,,,,,,,,
Period Ending  6/30/2012,Personal Residential - Allied Lines,"51,937","3,446",259,0,0,"3,924","1,689","8,205,260,747","58,091,159","50,248","2,559,110,625","50,867,284","7,223,875",0,0,,,,,,,,,,,,,,,,"6,079,419","262,080","142,404",761,"16,138","383,953","366,286","2,049,082,345,799","10,592,764,051","5,713,133","199,580,488,208","10,111,474,149","481,289,901","28,290","34,032",,,,,,,,,,,,,,,
Period Ending  6/30/2012,Personal Residential - Allied Lines - WIND ONLY DWELLINGS,"26,395",504,800,0,0,961,0,"9,028,348,397","42,436,847","26,395",0,"42,436,847",0,0,0,,,,,,,,,,,,,,,,"6,079,419","262,080","142,404",761,"16,138","383,953","366,286","2,049,082,345,799","10,592,764,051","5,713,133","199,580,488,208","10,111,474,149","481,289,901","28,290","34,032",,,,,,,,,,,,,,,
Period Ending  6/30/2012,Personal Residential - Condominium Unit Owners,"776,380","36,432","13,650",0,188,"47,145","88,565","71,343,469,220","645,350,199","687,815","16,582,029,353","580,010,563","65,339,636","7,044","7,860",,,,,,,,,,,,,,,,"6,079,419","262,080","142,404",761,"16,138","383,953","366,286","2,049,082,345,799","10,592,764,051","5,713,133","199,580,488,208","10,111,474,149","481,289,901","28,290","34,032",,,,,,,,,,,,,,,
Period Ending  6/30/2012,Personal Residential - Condominium Unit Owners - WIND ONLY,"56,388",693,"2,244",0,0,"2,851",0,"9,784,245,850","50,686,365","56,388",0,"50,686,365",0,66,462,,,,,,,,,,,,,,,,"6,079,419","262,080","142,404",761,"16,138","383,953","366,286","2,049,082,345,799","10,592,764,051","5,713,133","199,580,488,208","10,111,474,149","481,289,901","28,290","34,032",,,,,,,,,,,,,,,
Period Ending  6/30/2012,Personal Residential - Dwelling/Fire,"714,825","24,387","22,351",0,"1,686","53,679","50,478","141,459,650,330","819,833,783","664,347","14,304,354,798","774,356,178","45,477,605","4,810","5,463",,,,,,,,,,,,,,,,"6,079,419","262,080","142,404",761,"16,138","383,953","366,286","2,049,082,345,799","10,592,764,051","5,713,133","199,580,488,208","10,111,474,149","481,289,901","28,290","34,032",,,,,,,,,,,,,,,
Period Ending  6/30/2012,Personal Residential - Dwelling/Fire - Mobile Homeowners,"88,042","2,446","6,816",0,0,"4,034","2,617","4,189,065,235","59,328,877","85,425","100,946,610","58,703,299","625,578",0,0,,,,,,,,,,,,,,,,"6,079,419","262,080","142,404",761,"16,138","383,953","366,286","2,049,082,345,799","10,592,764,051","5,713,133","199,580,488,208","10,111,474,149","481,289,901","28,290","34,032",,,,,,,,,,,,,,,
Period Ending  6/30/2012,Personal Residential - Dwelling/Fire - Mobile Homeowners - WIND ONLY,629,3,32,0,0,11,0,"27,348,140","523,558",629,0,"523,558",0,0,0,,,,,,,,,,,,,,,,"6,079,419","262,080","142,404",761,"16,138","383,953","366,286","2,049,082,345,799","10,592,764,051","5,713,133","199,580,488,208","10,111,474,149","481,289,901","28,290","34,032",,,,,,,,,,,,,,,
Period Ending  6/30/2012,Personal Residential - Farmowners,"2,983",82,124,0,0,239,4,"1,528,411,497","10,307,865","2,979","5,875,827","10,283,034","24,831",1,1,,,,,,,,,,,,,,,,"6,079,419","262,080","142,404",761,"16,138","383,953","366,286","2,049,082,345,799","10,592,764,051","5,713,133","199,580,488,208","10,111,474,149","481,289,901","28,290","34,032",,,,,,,,,,,,,,,
Period Ending  6/30/2012,Personal Residential - Homeowners (Excl Tenant and Condo) - Owner Occupied,"3,462,946","130,591","77,591",747,"13,684","189,233","197,106","1,468,110,752,096","7,056,501,807","3,265,840","146,676,274,250","6,726,855,602","329,646,205","14,180","16,967",,,,,,,,,,,,,,,,"6,079,419","262,080","142,404",761,"16,138","383,953","366,286","2,049,082,345,799","10,592,764,051","5,713,133","199,580,488,208","10,111,474,149","481,289,901","28,290","34,032",,,,,,,,,,,,,,,
Period Ending  6/30/2012,Personal Residential - Homeowners (Excl Tenant and Condo) - Owner Occupied - WIND ONLY,"164,267","2,941","5,393",0,0,"4,231",0,"95,846,108,085","414,911,130","164,267",0,"414,911,130",0,231,"1,194",,,,,,,,,,,,,,,,"6,079,419","262,080","142,404",761,"16,138","383,953","366,286","2,049,082,345,799","10,592,764,051","5,713,133","199,580,488,208","10,111,474,149","481,289,901","28,290","34,032",,,,,,,,,,,,,,,
Period Ending  6/30/2012,Personal Residential - Mobile Homeowners,"287,379","8,785","7,545",14,72,"12,866","10,432","24,810,892,951","311,616,518","276,947","766,927,628","307,375,226","4,241,292",3,3,,,,,,,,,,,,,,,,"6,079,419","262,080","142,404",761,"16,138","383,953","366,286","2,049,082,345,799","10,592,764,051","5,713,133","199,580,488,208","10,111,474,149","481,289,901","28,290","34,032",,,,,,,,,,,,,,,
Period Ending  6/30/2012,Personal Residential - Mobile Homeowners - WIND ONLY,"6,285",79,357,0,0,215,0,"386,997,720","5,913,173","6,285",0,"5,913,173",0,0,0,,,,,,,,,,,,,,,,"6,079,419","262,080","142,404",761,"16,138","383,953","366,286","2,049,082,345,799","10,592,764,051","5,713,133","199,580,488,208","10,111,474,149","481,289,901","28,290","34,032",,,,,,,,,,,,,,,
Period Ending  6/30/2012,Personal Residential - Tenants,"366,505","49,103","1,930",0,11,"61,659","7,301","10,700,549,193","90,772,803","359,204","508,383,269","88,299,916","2,472,886","1,918","1,965",,,,,,,,,,,,,,,,"6,079,419","262,080","142,404",761,"16,138","383,953","366,286","2,049,082,345,799","10,592,764,051","5,713,133","199,580,488,208","10,111,474,149","481,289,901","28,290","34,032",,,,,,,,,,,,,,,
Period Ending  6/30/2012,Personal Residential - Tenants - WIND ONLY,"1,894",104,192,0,0,129,0,"150,881,750","1,286,400","1,894",0,"1,286,400",0,12,99,,,,,,,,,,,,,,,,"6,079,419","262,080","142,404",761,"16,138","383,953","366,286","2,049,082,345,799","10,592,764,051","5,713,133","199,580,488,208","10,111,474,149","481,289,901","28,290","34,032",,,,,,,,,,,,,,,
Period Ending  9/30/2012,Commercial Residential - (Apartment Buildings) - WIND ONLY,"4,499",94,84,0,0,135,0,"4,055,121,259","27,339,999","4,499",0,"27,339,999",0,0,0,,,,,,,,,,,,,,,,"6,102,249","234,959","104,868",564,"12,453","363,204","367,178","2,037,376,882,450","10,732,887,432","5,735,071","197,184,751,128","10,250,870,328","482,017,104","8,254","7,659",,,,,,,,,,,,,,,
Period Ending  9/30/2012,Commercial Residential - (Condo Associations Only) - WIND ONLY,"6,746",31,112,0,0,171,0,"47,192,757,895","198,101,773","6,746",0,"198,101,773",0,0,0,,,,,,,,,,,,,,,,"6,102,249","234,959","104,868",564,"12,453","363,204","367,178","2,037,376,882,450","10,732,887,432","5,735,071","197,184,751,128","10,250,870,328","482,017,104","8,254","7,659",,,,,,,,,,,,,,,
Period Ending  9/30/2012,Commercial Residential - (Homeowners Association) - WIND ONLY,382,5,7,0,0,14,0,"1,455,107,025","6,132,068",382,0,"6,132,068",0,0,0,,,,,,,,,,,,,,,,"6,102,249","234,959","104,868",564,"12,453","363,204","367,178","2,037,376,882,450","10,732,887,432","5,735,071","197,184,751,128","10,250,870,328","482,017,104","8,254","7,659",,,,,,,,,,,,,,,
Period Ending  9/30/2012,Commercial Residential - Allied Lines (Condo Associations Only),61,2,6,0,0,5,16,"57,890,572","450,908",45,"41,795,522","321,431","129,477",1,1,,,,,,,,,,,,,,,,"6,102,249","234,959","104,868",564,"12,453","363,204","367,178","2,037,376,882,450","10,732,887,432","5,735,071","197,184,751,128","10,250,870,328","482,017,104","8,254","7,659",,,,,,,,,,,,,,,
Period Ending  9/30/2012,Commercial Residential - Allied Lines (Excl Condo Associations),"1,025",11,52,0,0,45,34,"2,443,476,032","11,199,865",991,"159,929,366","10,634,613","565,252",1,0,,,,,,,,,,,,,,,,"6,102,249","234,959","104,868",564,"12,453","363,204","367,178","2,037,376,882,450","10,732,887,432","5,735,071","197,184,751,128","10,250,870,328","482,017,104","8,254","7,659",,,,,,,,,,,,,,,
Period Ending  9/30/2012,Commercial Residential - CMP (Condo Associations Only),"8,103",139,478,0,1,694,"1,839","76,160,264,621","416,897,588","6,264","13,245,954,634","402,187,382","14,710,206",1,2,,,,,,,,,,,,,,,,"6,102,249","234,959","104,868",564,"12,453","363,204","367,178","2,037,376,882,450","10,732,887,432","5,735,071","197,184,751,128","10,250,870,328","482,017,104","8,254","7,659",,,,,,,,,,,,,,,
Period Ending  9/30/2012,Commercial Residential - CMP (Excl Condo Associations),"41,662","1,085",693,0,436,350,"5,689","14,361,185,769","74,536,814","35,973","3,582,607,430","65,725,040","8,811,773",6,7,,,,,,,,,,,,,,,,"6,102,249","234,959","104,868",564,"12,453","363,204","367,178","2,037,376,882,450","10,732,887,432","5,735,071","197,184,751,128","10,250,870,328","482,017,104","8,254","7,659",,,,,,,,,,,,,,,
Period Ending  9/30/2012,Commercial Residential - Dwelling/Fire (Condo Associations Only),"5,361",47,160,0,2,214,188,"47,102,702,105","247,045,912","5,173","689,366,300","245,693,656","1,352,256",0,0,,,,,,,,,,,,,,,,"6,102,249","234,959","104,868",564,"12,453","363,204","367,178","2,037,376,882,450","10,732,887,432","5,735,071","197,184,751,128","10,250,870,328","482,017,104","8,254","7,659",,,,,,,,,,,,,,,
Period Ending  9/30/2012,Commercial Residential - Dwelling/Fire (Excl Condo Associations),"3,326",65,116,0,0,158,177,"10,373,972,265","57,621,254","3,149","451,901,986","56,907,719","713,535",0,1,,,,,,,,,,,,,,,,"6,102,249","234,959","104,868",564,"12,453","363,204","367,178","2,037,376,882,450","10,732,887,432","5,735,071","197,184,751,128","10,250,870,328","482,017,104","8,254","7,659",,,,,,,,,,,,,,,
Period Ending  9/30/2012,Personal Residential - Allied Lines,"52,351","3,317",177,0,0,"3,911","1,748","8,306,583,403","59,368,268","50,603","2,449,112,246","52,424,351","6,943,917",0,0,,,,,,,,,,,,,,,,"6,102,249","234,959","104,868",564,"12,453","363,204","367,178","2,037,376,882,450","10,732,887,432","5,735,071","197,184,751,128","10,250,870,328","482,017,104","8,254","7,659",,,,,,,,,,,,,,,
Period Ending  9/30/2012,Personal Residential - Allied Lines - WIND ONLY DWELLINGS,"26,511",490,837,0,0,"1,443",0,"8,849,313,798","43,833,808","26,511",0,"43,833,808",0,0,0,,,,,,,,,,,,,,,,"6,102,249","234,959","104,868",564,"12,453","363,204","367,178","2,037,376,882,450","10,732,887,432","5,735,071","197,184,751,128","10,250,870,328","482,017,104","8,254","7,659",,,,,,,,,,,,,,,
Period Ending  9/30/2012,Personal Residential - Condominium Unit Owners,"779,343","28,446","8,059",1,140,"39,314","89,964","71,640,163,544","662,877,396","689,379","16,767,519,037","596,309,665","66,567,731","2,502","2,635",,,,,,,,,,,,,,,,"6,102,249","234,959","104,868",564,"12,453","363,204","367,178","2,037,376,882,450","10,732,887,432","5,735,071","197,184,751,128","10,250,870,328","482,017,104","8,254","7,659",,,,,,,,,,,,,,,
Period Ending  9/30/2012,Personal Residential - Condominium Unit Owners - WIND ONLY,"58,196",630,"2,157",0,0,"4,279",0,"9,920,979,250","52,066,699","58,196",0,"52,066,699",0,88,404,,,,,,,,,,,,,,,,"6,102,249","234,959","104,868",564,"12,453","363,204","367,178","2,037,376,882,450","10,732,887,432","5,735,071","197,184,751,128","10,250,870,328","482,017,104","8,254","7,659",,,,,,,,,,,,,,,
Period Ending  9/30/2012,Personal Residential - Dwelling/Fire,"725,767","22,424","19,099",13,"1,021","53,298","50,839","143,109,812,099","847,275,804","674,928","14,335,165,260","801,022,849","46,252,954","1,033",200,,,,,,,,,,,,,,,,"6,102,249","234,959","104,868",564,"12,453","363,204","367,178","2,037,376,882,450","10,732,887,432","5,735,071","197,184,751,128","10,250,870,328","482,017,104","8,254","7,659",,,,,,,,,,,,,,,
Period Ending  9/30/2012,Personal Residential - Dwelling/Fire - Mobile Homeowners,"86,761","1,716","3,097",0,0,"3,532","2,603","4,004,407,520","57,160,708","84,158","97,099,708","56,556,600","604,108",0,0,,,,,,,,,,,,,,,,"6,102,249","234,959","104,868",564,"12,453","363,204","367,178","2,037,376,882,450","10,732,887,432","5,735,071","197,184,751,128","10,250,870,328","482,017,104","8,254","7,659",,,,,,,,,,,,,,,
Period Ending  9/30/2012,Personal Residential - Dwelling/Fire - Mobile Homeowners - WIND ONLY,628,7,10,0,0,16,0,"26,769,900","521,307",628,0,"521,307",0,0,0,,,,,,,,,,,,,,,,"6,102,249","234,959","104,868",564,"12,453","363,204","367,178","2,037,376,882,450","10,732,887,432","5,735,071","197,184,751,128","10,250,870,328","482,017,104","8,254","7,659",,,,,,,,,,,,,,,
Period Ending  9/30/2012,Personal Residential - Farmowners,"2,955",67,58,0,0,97,5,"1,501,554,465","10,226,259","2,950","6,035,827","10,200,485","25,774",1,1,,,,,,,,,,,,,,,,"6,102,249","234,959","104,868",564,"12,453","363,204","367,178","2,037,376,882,450","10,732,887,432","5,735,071","197,184,751,128","10,250,870,328","482,017,104","8,254","7,659",,,,,,,,,,,,,,,
Period Ending  9/30/2012,Personal Residential - Homeowners (Excl Tenant and Condo) - Owner Occupied,"3,463,674","108,834","56,171",529,"10,752","166,244","195,926","1,461,049,779,785","7,139,870,780","3,267,748","144,064,854,672","6,811,341,348","328,529,432","3,261","2,723",,,,,,,,,,,,,,,,"6,102,249","234,959","104,868",564,"12,453","363,204","367,178","2,037,376,882,450","10,732,887,432","5,735,071","197,184,751,128","10,250,870,328","482,017,104","8,254","7,659",,,,,,,,,,,,,,,
Period Ending  9/30/2012,Personal Residential - Homeowners (Excl Tenant and Condo) - Owner Occupied - WIND ONLY,"162,315","3,376","5,020",0,0,"5,609",0,"89,775,908,515","409,445,937","162,315",0,"409,445,937",0,205,"1,040",,,,,,,,,,,,,,,,"6,102,249","234,959","104,868",564,"12,453","363,204","367,178","2,037,376,882,450","10,732,887,432","5,735,071","197,184,751,128","10,250,870,328","482,017,104","8,254","7,659",,,,,,,,,,,,,,,
Period Ending  9/30/2012,Personal Residential - Mobile Homeowners,"284,846","6,534","5,677",21,98,"9,688","10,525","24,455,612,331","309,141,286","274,321","766,303,182","304,914,208","4,227,078",10,10,,,,,,,,,,,,,,,,"6,102,249","234,959","104,868",564,"12,453","363,204","367,178","2,037,376,882,450","10,732,887,432","5,735,071","197,184,751,128","10,250,870,328","482,017,104","8,254","7,659",,,,,,,,,,,,,,,
Period Ending  9/30/2012,Personal Residential - Mobile Homeowners - WIND ONLY,"6,214",41,179,0,0,149,0,"372,874,170","5,780,752","6,214",0,"5,780,752",0,0,0,,,,,,,,,,,,,,,,"6,102,249","234,959","104,868",564,"12,453","363,204","367,178","2,037,376,882,450","10,732,887,432","5,735,071","197,184,751,128","10,250,870,328","482,017,104","8,254","7,659",,,,,,,,,,,,,,,
Period Ending  9/30/2012,Personal Residential - Tenants,"379,594","57,489","2,413",0,3,"73,552","7,625","11,010,444,348","94,674,302","371,969","527,105,959","92,090,692","2,583,610","1,122",548,,,,,,,,,,,,,,,,"6,102,249","234,959","104,868",564,"12,453","363,204","367,178","2,037,376,882,450","10,732,887,432","5,735,071","197,184,751,128","10,250,870,328","482,017,104","8,254","7,659",,,,,,,,,,,,,,,
Period Ending  9/30/2012,Personal Residential - Tenants - WIND ONLY,"1,929",109,206,0,0,286,0,"150,201,780","1,317,946","1,929",0,"1,317,946",0,23,87,,,,,,,,,,,,,,,,"6,102,249","234,959","104,868",564,"12,453","363,204","367,178","2,037,376,882,450","10,732,887,432","5,735,071","197,184,751,128","10,250,870,328","482,017,104","8,254","7,659",,,,,,,,,,,,,,,
Period Ending  12/31/2012,Commercial Residential - (Apartment Buildings) - WIND ONLY,"4,392",117,90,0,0,100,0,"4,064,234,290","27,469,661","4,392",0,"27,469,661",0,0,0,,,,,,,,,,,,,,,,"6,091,153","224,296","88,781",160,"4,612","294,643","367,960","2,024,894,536,826","10,677,670,020","5,723,193","195,349,109,298","10,195,995,876","481,674,145","194,497","201,772",,,,,,,,,,,,,,,
Period Ending  12/31/2012,Commercial Residential - (Condo Associations Only) - WIND ONLY,"6,618",61,231,0,0,164,0,"45,776,796,857","194,056,346","6,618",0,"194,056,346",0,0,0,,,,,,,,,,,,,,,,"6,091,153","224,296","88,781",160,"4,612","294,643","367,960","2,024,894,536,826","10,677,670,020","5,723,193","195,349,109,298","10,195,995,876","481,674,145","194,497","201,772",,,,,,,,,,,,,,,
Period Ending  12/31/2012,Commercial Residential - (Homeowners Association) - WIND ONLY,368,4,20,0,0,10,0,"1,442,009,224","6,227,435",368,0,"6,227,435",0,0,0,,,,,,,,,,,,,,,,"6,091,153","224,296","88,781",160,"4,612","294,643","367,960","2,024,894,536,826","10,677,670,020","5,723,193","195,349,109,298","10,195,995,876","481,674,145","194,497","201,772",,,,,,,,,,,,,,,
Period Ending  12/31/2012,Commercial Residential - Allied Lines (Condo Associations Only),49,1,16,0,0,5,13,"51,577,296","419,412",36,"40,233,472","291,700","127,712",0,0,,,,,,,,,,,,,,,,"6,091,153","224,296","88,781",160,"4,612","294,643","367,960","2,024,894,536,826","10,677,670,020","5,723,193","195,349,109,298","10,195,995,876","481,674,145","194,497","201,772",,,,,,,,,,,,,,,
Period Ending  12/31/2012,Commercial Residential - Allied Lines (Excl Condo Associations),986,14,65,0,0,41,29,"2,871,474,933","10,920,107",957,"157,432,900","10,331,366","588,741",2,1,,,,,,,,,,,,,,,,"6,091,153","224,296","88,781",160,"4,612","294,643","367,960","2,024,894,536,826","10,677,670,020","5,723,193","195,349,109,298","10,195,995,876","481,674,145","194,497","201,772",,,,,,,,,,,,,,,
Period Ending  12/31/2012,Commercial Residential - CMP (Condo Associations Only),"8,243",273,840,0,4,"1,254","1,822","76,280,563,143","424,767,088","6,421","13,324,772,742","410,098,480","14,668,608",0,0,,,,,,,,,,,,,,,,"6,091,153","224,296","88,781",160,"4,612","294,643","367,960","2,024,894,536,826","10,677,670,020","5,723,193","195,349,109,298","10,195,995,876","481,674,145","194,497","201,772",,,,,,,,,,,,,,,
Period Ending  12/31/2012,Commercial Residential - CMP (Excl Condo Associations),"40,382","1,000",583,0,375,301,"5,523","13,997,112,736","73,097,931","34,859","3,480,101,847","64,342,021","8,755,910",6,9,,,,,,,,,,,,,,,,"6,091,153","224,296","88,781",160,"4,612","294,643","367,960","2,024,894,536,826","10,677,670,020","5,723,193","195,349,109,298","10,195,995,876","481,674,145","194,497","201,772",,,,,,,,,,,,,,,
Period Ending  12/31/2012,Commercial Residential - Dwelling/Fire (Condo Associations Only),"5,243",41,201,0,6,124,185,"46,265,007,168","245,306,711","5,058","694,649,300","244,024,406","1,282,305",0,0,,,,,,,,,,,,,,,,"6,091,153","224,296","88,781",160,"4,612","294,643","367,960","2,024,894,536,826","10,677,670,020","5,723,193","195,349,109,298","10,195,995,876","481,674,145","194,497","201,772",,,,,,,,,,,,,,,
Period Ending  12/31/2012,Commercial Residential - Dwelling/Fire (Excl Condo Associations),"3,256",57,117,0,0,103,172,"10,810,997,696","56,962,461","3,084","378,047,988","56,313,081","649,380",0,0,,,,,,,,,,,,,,,,"6,091,153","224,296","88,781",160,"4,612","294,643","367,960","2,024,894,536,826","10,677,670,020","5,723,193","195,349,109,298","10,195,995,876","481,674,145","194,497","201,772",,,,,,,,,,,,,,,
Period Ending  12/31/2012,Personal Residential - Allied Lines,"52,087","3,457",133,0,0,"3,326","1,843","8,264,006,560","59,786,681","50,244","2,474,169,967","52,729,844","7,056,837",0,0,,,,,,,,,,,,,,,,"6,091,153","224,296","88,781",160,"4,612","294,643","367,960","2,024,894,536,826","10,677,670,020","5,723,193","195,349,109,298","10,195,995,876","481,674,145","194,497","201,772",,,,,,,,,,,,,,,
Period Ending  12/31/2012,Personal Residential - Allied Lines - WIND ONLY DWELLINGS,"26,336",467,708,0,0,"1,000",0,"8,648,469,585","44,016,692","26,336",0,"44,016,692",0,0,0,,,,,,,,,,,,,,,,"6,091,153","224,296","88,781",160,"4,612","294,643","367,960","2,024,894,536,826","10,677,670,020","5,723,193","195,349,109,298","10,195,995,876","481,674,145","194,497","201,772",,,,,,,,,,,,,,,
Period Ending  12/31/2012,Personal Residential - Condominium Unit Owners,"779,217","27,325","8,157",0,140,"34,633","91,270","71,695,631,604","670,671,458","687,947","16,989,082,157","602,784,564","67,886,894","21,234","21,942",,,,,,,,,,,,,,,,"6,091,153","224,296","88,781",160,"4,612","294,643","367,960","2,024,894,536,826","10,677,670,020","5,723,193","195,349,109,298","10,195,995,876","481,674,145","194,497","201,772",,,,,,,,,,,,,,,
Period Ending  12/31/2012,Personal Residential - Condominium Unit Owners - WIND ONLY,"58,667",571,"1,861",0,0,"2,608",0,"9,821,760,940","52,129,619","58,667",0,"52,129,619",0,43,338,,,,,,,,,,,,,,,,"6,091,153","224,296","88,781",160,"4,612","294,643","367,960","2,024,894,536,826","10,677,670,020","5,723,193","195,349,109,298","10,195,995,876","481,674,145","194,497","201,772",,,,,,,,,,,,,,,
Period Ending  12/31/2012,Personal Residential - Dwelling/Fire,"733,745","22,258","15,675",4,"1,032","43,059","51,005","144,021,381,876","854,169,340","682,740","14,303,651,866","807,410,744","46,758,597","24,947","27,801",,,,,,,,,,,,,,,,"6,091,153","224,296","88,781",160,"4,612","294,643","367,960","2,024,894,536,826","10,677,670,020","5,723,193","195,349,109,298","10,195,995,876","481,674,145","194,497","201,772",,,,,,,,,,,,,,,
Period Ending  12/31/2012,Personal Residential - Dwelling/Fire - Mobile Homeowners,"82,637","1,362","2,915",0,0,"2,278","2,577","3,604,281,976","52,661,680","80,060","91,714,246","52,086,045","575,635","2,276",151,,,,,,,,,,,,,,,,"6,091,153","224,296","88,781",160,"4,612","294,643","367,960","2,024,894,536,826","10,677,670,020","5,723,193","195,349,109,298","10,195,995,876","481,674,145","194,497","201,772",,,,,,,,,,,,,,,
Period Ending  12/31/2012,Personal Residential - Dwelling/Fire - Mobile Homeowners - WIND ONLY,613,7,17,0,0,9,0,"26,030,690","509,096",613,0,"509,096",0,0,0,,,,,,,,,,,,,,,,"6,091,153","224,296","88,781",160,"4,612","294,643","367,960","2,024,894,536,826","10,677,670,020","5,723,193","195,349,109,298","10,195,995,876","481,674,145","194,497","201,772",,,,,,,,,,,,,,,
Period Ending  12/31/2012,Personal Residential - Farmowners,"2,729",78,235,1,0,91,6,"1,371,360,537","8,914,839","2,723","6,178,827","8,886,974","27,865",0,0,,,,,,,,,,,,,,,,"6,091,153","224,296","88,781",160,"4,612","294,643","367,960","2,024,894,536,826","10,677,670,020","5,723,193","195,349,109,298","10,195,995,876","481,674,145","194,497","201,772",,,,,,,,,,,,,,,
Period Ending  12/31/2012,Personal Residential - Homeowners (Excl Tenant and Condo) - Owner Occupied,"3,458,474","106,062","44,319",94,"2,955","140,005","194,949","1,455,713,817,222","7,091,315,443","3,263,525","142,105,363,992","6,764,910,325","326,405,118","140,100","145,240",,,,,,,,,,,,,,,,"6,091,153","224,296","88,781",160,"4,612","294,643","367,960","2,024,894,536,826","10,677,670,020","5,723,193","195,349,109,298","10,195,995,876","481,674,145","194,497","201,772",,,,,,,,,,,,,,,
Period Ending  12/31/2012,Personal Residential - Homeowners (Excl Tenant and Condo) - Owner Occupied - WIND ONLY,"159,473","2,970","4,698",0,0,"4,181",0,"84,774,057,644","399,956,126","159,473",0,"399,956,126",0,144,789,,,,,,,,,,,,,,,,"6,091,153","224,296","88,781",160,"4,612","294,643","367,960","2,024,894,536,826","10,677,670,020","5,723,193","195,349,109,298","10,195,995,876","481,674,145","194,497","201,772",,,,,,,,,,,,,,,
Period Ending  12/31/2012,Personal Residential - Mobile Homeowners,"280,190","7,321","5,934",61,99,"8,529","10,658","23,924,192,048","302,934,400","269,532","771,088,274","298,691,843","4,242,557",627,693,,,,,,,,,,,,,,,,"6,091,153","224,296","88,781",160,"4,612","294,643","367,960","2,024,894,536,826","10,677,670,020","5,723,193","195,349,109,298","10,195,995,876","481,674,145","194,497","201,772",,,,,,,,,,,,,,,
Period Ending  12/31/2012,Personal Residential - Mobile Homeowners - WIND ONLY,"6,111",31,172,0,0,100,0,"360,340,470","5,656,202","6,111",0,"5,656,202",0,0,0,,,,,,,,,,,,,,,,"6,091,153","224,296","88,781",160,"4,612","294,643","367,960","2,024,894,536,826","10,677,670,020","5,723,193","195,349,109,298","10,195,995,876","481,674,145","194,497","201,772",,,,,,,,,,,,,,,
Period Ending  12/31/2012,Personal Residential - Tenants,"379,396","50,747","1,669",0,1,"52,583","7,908","10,958,382,751","94,369,898","371,488","532,621,721","91,721,911","2,647,987","5,108","4,728",,,,,,,,,,,,,,,,"6,091,153","224,296","88,781",160,"4,612","294,643","367,960","2,024,894,536,826","10,677,670,020","5,723,193","195,349,109,298","10,195,995,876","481,674,145","194,497","201,772",,,,,,,,,,,,,,,
Period Ending  12/31/2012,Personal Residential - Tenants - WIND ONLY,"1,941",72,125,0,0,139,0,"151,049,580","1,351,394","1,941",0,"1,351,394",0,10,80,,,,,,,,,,,,,,,,"6,091,153","224,296","88,781",160,"4,612","294,643","367,960","2,024,894,536,826","10,677,670,020","5,723,193","195,349,109,298","10,195,995,876","481,674,145","194,497","201,772",,,,,,,,,,,,,,,

